Date,Timestamp,Net_Asset_Value,Cash
2023-07-07,2023-07-07T09:15:00,60000.0,60000.0
2023-07-10,2023-07-10T09:15:00,57023.79453559755,57023.79453559755
2023-07-11,2023-07-11T09:15:00,50753.05221940478,50753.05221940478
2023-07-12,2023-07-12T09:15:00,51756.13632829682,51756.13632829682
2023-07-13,2023-07-13T09:15:00,49056.31004206333,49056.31004206333
2023-07-14,2023-07-14T09:15:00,47970.961448652495,47970.961448652495
2023-07-17,2023-07-17T09:15:00,47339.15923949407,47339.15923949407
2023-07-18,2023-07-18T09:15:00,44754.00177906529,44754.00177906529
2023-07-19,2023-07-19T09:15:00,41923.225727498066,41923.225727498066
2023-07-20,2023-07-20T09:15:00,40636.97617650853,40636.97617650853
2023-07-21,2023-07-21T09:15:00,42208.402870798134,42208.402870798134
2023-07-24,2023-07-24T09:15:00,41076.82349470965,41076.82349470965
2023-07-25,2023-07-25T09:15:00,40338.12816274003,40338.12816274003
2023-07-26,2023-07-26T09:15:00,40872.45879611684,40872.45879611684
2023-07-27,2023-07-27T09:15:00,36619.14801535162,36619.14801535162
2023-07-28,2023-07-28T09:15:00,36550.50210821765,36550.50210821765
2023-07-31,2023-07-31T09:15:00,35049.05242299207,35049.05242299207
2023-08-01,2023-08-01T09:15:00,35001.75378296242,35001.75378296242
2023-08-02,2023-08-02T09:15:00,33109.94813472964,33109.94813472964
2023-08-03,2023-08-03T09:15:00,27862.271295540442,27862.271295540442
2023-08-04,2023-08-04T09:15:00,25938.95381507001,25938.95381507001
2023-08-07,2023-08-07T09:15:00,26000.278555554803,26000.278555554803
2023-08-08,2023-08-08T09:15:00,25601.956773242797,25601.956773242797
2023-08-09,2023-08-09T09:15:00,25000.324629437164,25000.324629437164
2023-08-10,2023-08-10T09:15:00,26216.795787626776,26216.795787626776
2023-08-11,2023-08-11T09:15:00,25168.773672811134,25168.773672811134
2023-08-14,2023-08-14T09:15:00,23540.775612077574,23540.775612077574
2023-08-16,2023-08-16T09:15:00,24418.978407260394,24418.978407260394
2023-08-17,2023-08-17T09:15:00,25837.679305837955,25837.679305837955
2023-08-18,2023-08-18T09:15:00,24803.589135054324,24803.589135054324
2023-08-21,2023-08-21T09:15:00,24080.313433836694,24080.313433836694
2023-08-22,2023-08-22T09:15:00,23942.19842824788,23942.19842824788
2023-08-23,2023-08-23T09:15:00,23256.735489535873,23256.735489535873
2023-08-24,2023-08-24T09:15:00,22432.87344092429,22432.87344092429
2023-08-25,2023-08-25T09:15:00,21166.6743396299,21166.6743396299
2023-08-28,2023-08-28T09:15:00,21281.764960961125,21281.764960961125
2023-08-29,2023-08-29T09:15:00,20499.92349486072,20499.92349486072
2023-08-30,2023-08-30T09:15:00,20615.928878077495,20615.928878077495
2023-08-31,2023-08-31T09:15:00,19716.94100960708,19716.94100960708
2023-09-01,2023-09-01T09:15:00,18769.427343498304,18769.427343498304
2023-09-04,2023-09-04T09:15:00,18880.612132819908,18880.612132819908
2023-09-05,2023-09-05T09:15:00,18273.309483368706,18273.309483368706
2023-09-06,2023-09-06T09:15:00,17791.083417835922,17791.083417835922
2023-09-07,2023-09-07T09:15:00,17489.22506157591,17489.22506157591
2023-09-08,2023-09-08T09:15:00,17575.249175771503,17575.249175771503
2023-09-11,2023-09-11T09:15:00,17991.824249181867,17991.824249181867
2023-09-12,2023-09-12T09:15:00,18000.59998663947,18000.59998663947
2023-09-13,2023-09-13T09:15:00,16089.284059998638,16089.284059998638
2023-09-14,2023-09-14T09:15:00,16053.281123159424,16053.281123159424
2023-09-15,2023-09-15T09:15:00,15287.791793312223,15287.791793312223
2023-09-18,2023-09-18T09:15:00,14869.480601404255,14869.480601404255
2023-09-20,2023-09-20T09:15:00,14533.67095727229,14533.67095727229
2023-09-21,2023-09-21T09:15:00,14055.718595883474,14055.718595883474
2023-09-22,2023-09-22T09:15:00,13234.466170596264,13234.466170596264
2023-09-25,2023-09-25T09:15:00,12362.35584729664,12362.35584729664
2023-09-26,2023-09-26T09:15:00,11968.275360381056,11968.275360381056
2023-09-27,2023-09-27T09:15:00,11478.232721314642,11478.232721314642
2023-09-28,2023-09-28T09:15:00,11464.117728216224,11464.117728216224
2023-09-29,2023-09-29T09:15:00,10782.271973859039,10782.271973859039
2023-10-03,2023-10-03T09:15:00,10778.327335724643,10778.327335724643
2023-10-04,2023-10-04T09:15:00,10261.759139103444,10261.759139103444
2023-10-05,2023-10-05T09:15:00,10103.971371616644,10103.971371616644
2023-10-06,2023-10-06T09:15:00,10357.58745186303,10357.58745186303
2023-10-09,2023-10-09T09:15:00,9948.404359079017,9948.404359079017
2023-10-10,2023-10-10T09:15:00,9660.248393211405,9660.248393211405
2023-10-11,2023-10-11T09:15:00,9547.391287857805,9547.391287857805
2023-10-12,2023-10-12T09:15:00,9246.278991768195,9246.278991768195
2023-10-13,2023-10-13T09:15:00,9141.19250903539,9141.19250903539
2023-10-16,2023-10-16T09:15:00,9046.006487744191,9046.006487744191
2023-10-17,2023-10-17T09:15:00,9234.945611272997,9234.945611272997
2023-10-18,2023-10-18T09:15:00,8524.041198012215,8524.041198012215
2023-10-19,2023-10-19T09:15:00,8455.753559575816,8455.753559575816
2023-10-20,2023-10-20T09:15:00,8418.193280410218,8418.193280410218
2023-10-23,2023-10-23T09:15:00,7844.119050203022,7844.119050203022
2023-10-25,2023-10-25T09:15:00,7172.7062198934145,7172.7062198934145
2023-10-26,2023-10-26T09:15:00,6766.808181643828,6766.808181643828
2023-10-27,2023-10-27T09:15:00,6843.505960343835,6843.505960343835
2023-10-30,2023-10-30T09:15:00,6755.8585386238265,6755.8585386238265
2023-10-31,2023-10-31T09:15:00,6286.065370615015,6286.065370615015
2023-11-01,2023-11-01T09:15:00,6164.648194415811,6164.648194415811
2023-11-02,2023-11-02T09:15:00,5994.289117063006,5994.289117063006
2023-11-03,2023-11-03T09:15:00,6082.3286848998,6082.3286848998
2023-11-06,2023-11-06T09:15:00,5824.104583201399,5824.104583201399
2023-11-07,2023-11-07T09:15:00,5717.723525033398,5717.723525033398
2023-11-08,2023-11-08T09:15:00,5537.530034724594,5537.530034724594
2023-11-09,2023-11-09T09:15:00,5339.998919500591,5339.998919500591
2023-11-10,2023-11-10T09:15:00,5160.644212844592,5160.644212844592
2023-11-12,2023-11-12T18:15:00,4984.570726255788,4984.570726255788
2023-11-13,2023-11-13T09:15:00,4984.570726255788,4984.570726255788
2023-11-15,2023-11-15T09:15:00,4970.331020972582,4970.331020972582
2023-11-16,2023-11-16T09:15:00,4963.688243069384,4963.688243069384
2023-11-17,2023-11-17T09:15:00,4986.777719640584,4986.777719640584
2023-11-20,2023-11-20T09:15:00,4734.926393840589,4734.926393840589
2023-11-21,2023-11-21T09:15:00,4321.308909534997,4321.308909534997
2023-11-22,2023-11-22T09:15:00,4278.71735783539,4278.71735783539
2023-11-23,2023-11-23T09:15:00,4115.8836618529895,4115.8836618529895
2023-11-24,2023-11-24T09:15:00,4064.727818220592,4064.727818220592
2023-11-28,2023-11-28T09:15:00,3896.7267860957945,3896.7267860957945
2023-11-29,2023-11-29T09:15:00,3915.915030326192,3915.915030326192
2023-11-30,2023-11-30T09:15:00,4064.5420652462053,4064.5420652462053
2023-12-01,2023-12-01T09:15:00,3890.0874020050105,3890.0874020050105
2023-12-04,2023-12-04T09:15:00,3798.1725515866165,3798.1725515866165
2023-12-05,2023-12-05T09:15:00,3659.833222697809,3659.833222697809
2023-12-06,2023-12-06T09:15:00,3571.532435707806,3571.532435707806
2023-12-07,2023-12-07T09:15:00,3519.4809900586006,3519.4809900586006
2023-12-08,2023-12-08T09:15:00,3646.2728850041894,3646.2728850041894
2023-12-11,2023-12-11T09:15:00,3452.925255924187,3452.925255924187
2023-12-12,2023-12-12T09:15:00,3431.250367504188,3431.250367504188
2023-12-13,2023-12-13T09:15:00,3230.2073922609925,3230.2073922609925
2023-12-14,2023-12-14T09:15:00,3288.3568853257893,3288.3568853257893
2023-12-15,2023-12-15T09:15:00,3237.9118413665874,3237.9118413665874
2023-12-18,2023-12-18T09:15:00,3280.727659871389,3280.727659871389
2023-12-19,2023-12-19T09:15:00,3178.8002191693868,3178.8002191693868
2023-12-20,2023-12-20T09:15:00,3191.0888909445894,3191.0888909445894
2023-12-21,2023-12-21T09:15:00,2742.930997117388,2742.930997117388
2023-12-22,2023-12-22T09:15:00,2805.0189275301873,2805.0189275301873
2023-12-26,2023-12-26T09:15:00,2730.072936890987,2730.072936890987
2023-12-27,2023-12-27T09:15:00,2666.4498922853854,2666.4498922853854
2023-12-28,2023-12-28T09:15:00,2699.8886798453805,2699.8886798453805
2023-12-29,2023-12-29T09:15:00,2791.89963097498,2791.89963097498
2024-01-01,2024-01-01T09:15:00,2726.936576650176,2726.936576650176
2024-01-02,2024-01-02T09:15:00,2672.7817099973745,2672.7817099973745
2024-01-03,2024-01-03T09:15:00,2506.939884915775,2506.939884915775
2024-01-04,2024-01-04T09:15:00,2489.3936050645734,2489.3936050645734
2024-01-05,2024-01-05T09:15:00,2421.9256605805713,2421.9256605805713
2024-01-08,2024-01-08T09:15:00,2368.032208676572,2368.032208676572
2024-01-09,2024-01-09T09:15:00,2264.074541458971,2264.074541458971
2024-01-10,2024-01-10T09:15:00,2214.8401708077763,2214.8401708077763
2024-01-11,2024-01-11T09:15:00,2236.8301642981733,2236.8301642981733
2024-01-12,2024-01-12T09:15:00,2235.2280828457697,2235.2280828457697
2024-01-15,2024-01-15T09:15:00,2240.337418942576,2240.337418942576
2024-01-16,2024-01-16T09:15:00,2190.4423585169698,2190.4423585169698
2024-01-17,2024-01-17T09:15:00,2119.180864408969,2119.180864408969
2024-01-18,2024-01-18T09:15:00,2102.767978386966,2102.767978386966
2024-01-19,2024-01-19T09:15:00,2212.57577346576,2212.57577346576
2024-01-20,2024-01-20T09:15:00,2142.8647970345573,2142.8647970345573
2024-01-23,2024-01-23T09:15:00,2131.4414412361566,2131.4414412361566
2024-01-24,2024-01-24T09:15:00,1907.839814109755,1907.839814109755
2024-01-25,2024-01-25T09:15:00,1992.805771077754,1992.805771077754
2024-01-29,2024-01-29T09:15:00,1898.1328770913533,1898.1328770913533
2024-01-30,2024-01-30T09:15:00,1922.8630393569547,1922.8630393569547
2024-01-31,2024-01-31T09:15:00,1778.1343997657532,1778.1343997657532
2024-02-01,2024-02-01T09:15:00,1741.9430339953524,1741.9430339953524
2024-02-02,2024-02-02T09:15:00,1638.2789385865526,1638.2789385865526
2024-02-05,2024-02-05T09:15:00,1584.8794530601554,1584.8794530601554
2024-02-06,2024-02-06T09:15:00,1498.4861458665555,1498.4861458665555
2024-02-07,2024-02-07T09:15:00,1488.7671171009542,1488.7671171009542
2024-02-08,2024-02-08T09:15:00,1438.4530568569553,1438.4530568569553
2024-02-09,2024-02-09T09:15:00,1368.7413755785537,1368.7413755785537
2024-02-12,2024-02-12T09:15:00,1331.5956432681542,1331.5956432681542
2024-02-13,2024-02-13T09:15:00,1283.2705505641543,1283.2705505641543
2024-02-14,2024-02-14T09:15:00,1202.878135087357,1202.878135087357
2024-02-15,2024-02-15T09:15:00,1240.2651969577582,1240.2651969577582
2024-02-16,2024-02-16T09:15:00,1211.4357351913586,1211.4357351913586
2024-02-19,2024-02-19T09:15:00,1207.136028060162,1207.136028060162
2024-02-20,2024-02-20T09:15:00,1186.8778625065615,1186.8778625065615
2024-02-21,2024-02-21T09:15:00,1172.281255922563,1172.281255922563
2024-02-22,2024-02-22T09:15:00,1104.0093649945638,1104.0093649945638
2024-02-23,2024-02-23T09:15:00,1156.006091560963,1156.006091560963
2024-02-26,2024-02-26T09:15:00,1149.4346106697612,1149.4346106697612
2024-02-27,2024-02-27T09:15:00,1090.5778618585628,1090.5778618585628
2024-02-28,2024-02-28T09:15:00,1104.4190027065642,1104.4190027065642
2024-02-29,2024-02-29T09:15:00,1064.963662762565,1064.963662762565
2024-03-01,2024-03-01T09:15:00,1090.616997246564,1090.616997246564
2024-03-02,2024-03-02T09:15:00,1096.332747882565,1096.332747882565
2024-03-04,2024-03-04T09:15:00,1108.490671532565,-3849.509328467435
2024-03-05,2024-03-05T09:15:00,1090.7322785945653,1090.7322785945653
2024-03-06,2024-03-06T09:15:00,976.1503559273647,976.1503559273647
2024-03-07,2024-03-07T09:15:00,974.9851167017655,974.9851167017655
2024-03-11,2024-03-11T09:15:00,1048.9501797565672,1048.9501797565672
2024-03-12,2024-03-12T09:15:00,1039.5259405765664,1039.5259405765664
2024-03-13,2024-03-13T09:15:00,991.4986972437664,991.4986972437664
2024-03-14,2024-03-14T09:15:00,865.9615874613669,865.9615874613669
2024-03-15,2024-03-15T09:15:00,857.4186021557675,857.4186021557675
2024-03-18,2024-03-18T09:15:00,752.1160171117676,752.1160171117676
2024-03-19,2024-03-19T09:15:00,715.0326769021672,715.0326769021672
2024-03-20,2024-03-20T09:15:00,686.5369677325662,686.5369677325662
2024-03-21,2024-03-21T09:15:00,619.5872042437654,619.5872042437654
2024-03-22,2024-03-22T09:15:00,617.2472516101652,617.2472516101652
2024-03-26,2024-03-26T09:15:00,601.9428632533645,601.9428632533645
2024-03-27,2024-03-27T09:15:00,576.0457255493643,576.0457255493643
2024-03-28,2024-03-28T09:15:00,556.3136323989645,556.3136323989645
2024-04-01,2024-04-01T09:15:00,568.7986539237643,568.7986539237643
2024-04-02,2024-04-02T09:15:00,547.3817179653643,547.3817179653643
2024-04-03,2024-04-03T09:15:00,546.4883284613643,546.4883284613643
2024-04-04,2024-04-04T09:15:00,540.7175361669642,540.7175361669642
2024-04-05,2024-04-05T09:15:00,538.8579228325648,538.8579228325648
2024-04-08,2024-04-08T09:15:00,538.5612487317653,538.5612487317653
2024-04-09,2024-04-09T09:15:00,540.1310997125654,540.1310997125654
2024-04-10,2024-04-10T09:15:00,523.2641594805655,523.2641594805655
2024-04-12,2024-04-12T09:15:00,520.0644834117654,520.0644834117654
2024-04-15,2024-04-15T09:15:00,514.3569432501658,514.3569432501658
2024-04-16,2024-04-16T09:15:00,514.360377602166,514.360377602166
2024-04-18,2024-04-18T09:15:00,516.8531976037657,516.8531976037657
2024-04-19,2024-04-19T09:15:00,465.2034844069651,465.2034844069651
2024-04-22,2024-04-22T09:15:00,440.4554518821651,440.4554518821651
2024-04-23,2024-04-23T09:15:00,440.17456187256494,440.17456187256494
2024-04-24,2024-04-24T09:15:00,423.66245349176484,423.66245349176484
2024-04-25,2024-04-25T09:15:00,421.91843271416496,421.91843271416496
2024-04-26,2024-04-26T09:15:00,419.62628310296486,419.62628310296486
2024-04-29,2024-04-29T09:15:00,403.6159087157648,403.6159087157648
2024-04-30,2024-04-30T09:15:00,397.3088816765646,397.3088816765646
2024-05-02,2024-05-02T09:15:00,393.1034647061646,393.1034647061646
2024-05-03,2024-05-03T09:15:00,389.6300864309652,389.6300864309652
2024-05-06,2024-05-06T09:15:00,382.99050983176517,382.99050983176517
2024-05-07,2024-05-07T09:15:00,379.37346671256523,379.37346671256523
2024-05-08,2024-05-08T09:15:00,363.77220243336535,363.77220243336535
2024-05-09,2024-05-09T09:15:00,365.00464322296546,365.00464322296546
2024-05-10,2024-05-10T09:15:00,367.81591937816563,367.81591937816563
2024-05-13,2024-05-13T09:15:00,364.1811302277657,364.1811302277657
2024-05-14,2024-05-14T09:15:00,336.1019629949657,336.1019629949657
2024-05-15,2024-05-15T09:15:00,328.6244752645656,328.6244752645656
2024-05-16,2024-05-16T09:15:00,307.74456612616564,307.74456612616564
2024-05-17,2024-05-17T09:15:00,292.35934476216573,292.35934476216573
2024-05-18,2024-05-18T09:15:00,288.61525016696567,288.61525016696567
2024-05-21,2024-05-21T09:15:00,292.4995440629658,292.4995440629658
2024-05-22,2024-05-22T09:15:00,287.63768402456617,287.63768402456617
2024-05-23,2024-05-23T09:15:00,282.5882156693664,282.5882156693664
2024-05-24,2024-05-24T09:15:00,282.11904697816635,282.11904697816635
2024-05-27,2024-05-27T09:15:00,273.56536853896637,273.56536853896637
2024-05-28,2024-05-28T09:15:00,270.0141509325664,270.0141509325664
2024-05-29,2024-05-29T09:15:00,254.4516017781665,254.4516017781665
2024-05-30,2024-05-30T09:15:00,253.82286982776634,253.82286982776634
2024-05-31,2024-05-31T09:15:00,229.32825253176634,229.32825253176634
2024-06-03,2024-06-03T09:15:00,217.2705783197664,217.2705783197664
2024-06-04,2024-06-04T09:15:00,212.0319021197663,212.0319021197663
2024-06-05,2024-06-05T09:15:00,201.96759129576628,201.96759129576628
2024-06-06,2024-06-06T09:15:00,213.2485685885664,213.2485685885664
2024-06-07,2024-06-07T09:15:00,202.94585949816621,202.94585949816621
2024-06-10,2024-06-10T09:15:00,207.1660151925662,207.1660151925662
2024-06-11,2024-06-11T09:15:00,204.6116517061663,204.6116517061663
2024-06-12,2024-06-12T09:15:00,206.46132644536635,206.46132644536635
2024-06-13,2024-06-13T09:15:00,196.53993069496642,196.53993069496642
2024-06-14,2024-06-14T09:15:00,196.43096157416642,196.43096157416642
2024-06-18,2024-06-18T09:15:00,196.43096157416642,196.43096157416642
2024-06-19,2024-06-19T09:15:00,196.43096157416642,196.43096157416642
2024-06-20,2024-06-20T09:15:00,194.03694583416632,194.03694583416632
2024-06-21,2024-06-21T09:15:00,194.03694583416632,194.03694583416632
2024-06-24,2024-06-24T09:15:00,190.43519613656656,190.43519613656656
2024-06-25,2024-06-25T09:15:00,190.43519613656656,190.43519613656656
2024-06-26,2024-06-26T09:15:00,189.4198690797666,189.4198690797666
2024-06-27,2024-06-27T09:15:00,189.4198690797666,189.4198690797666
2024-06-28,2024-06-28T09:15:00,189.4198690797666,189.4198690797666
2024-07-01,2024-07-01T09:15:00,189.4198690797666,189.4198690797666
2024-07-02,2024-07-02T09:15:00,189.4198690797666,189.4198690797666
2024-07-03,2024-07-03T09:15:00,189.4198690797666,189.4198690797666
2024-07-04,2024-07-04T09:15:00,189.4198690797666,189.4198690797666
2024-07-05,2024-07-05T09:15:00,189.4198690797666,189.4198690797666
2024-07-08,2024-07-08T09:15:00,189.4198690797666,189.4198690797666
2024-07-09,2024-07-09T09:15:00,189.4198690797666,189.4198690797666
2024-07-10,2024-07-10T09:15:00,189.4198690797666,189.4198690797666
2024-07-11,2024-07-11T09:15:00,189.4198690797666,189.4198690797666
2024-07-12,2024-07-12T09:15:00,189.4198690797666,189.4198690797666
2024-07-15,2024-07-15T09:15:00,189.4198690797666,189.4198690797666
2024-07-16,2024-07-16T09:15:00,189.4198690797666,189.4198690797666
2024-07-18,2024-07-18T09:15:00,189.4198690797666,189.4198690797666
2024-07-19,2024-07-19T09:15:00,189.4198690797666,189.4198690797666
2024-07-22,2024-07-22T09:15:00,189.4198690797666,189.4198690797666
2024-07-23,2024-07-23T09:15:00,189.4198690797666,189.4198690797666
2024-07-24,2024-07-24T09:15:00,189.4198690797666,189.4198690797666
2024-07-25,2024-07-25T09:15:00,189.4198690797666,189.4198690797666
2024-07-26,2024-07-26T09:15:00,189.4198690797666,189.4198690797666
2024-07-29,2024-07-29T09:15:00,189.4198690797666,189.4198690797666
2024-07-30,2024-07-30T09:15:00,189.4198690797666,189.4198690797666
2024-07-31,2024-07-31T09:15:00,189.4198690797666,189.4198690797666
2024-08-01,2024-08-01T09:15:00,189.4198690797666,189.4198690797666
2024-08-02,2024-08-02T09:15:00,189.4198690797666,189.4198690797666
2024-08-05,2024-08-05T09:15:00,189.4198690797666,189.4198690797666
2024-08-06,2024-08-06T09:15:00,189.4198690797666,189.4198690797666
2024-08-07,2024-08-07T09:15:00,189.4198690797666,189.4198690797666
2024-08-08,2024-08-08T09:15:00,189.4198690797666,189.4198690797666
2024-08-09,2024-08-09T09:15:00,189.4198690797666,189.4198690797666
2024-08-12,2024-08-12T09:15:00,189.4198690797666,189.4198690797666
2024-08-13,2024-08-13T09:15:00,189.4198690797666,189.4198690797666
2024-08-14,2024-08-14T09:15:00,189.4198690797666,189.4198690797666
2024-08-16,2024-08-16T09:15:00,189.4198690797666,189.4198690797666
2024-08-19,2024-08-19T09:15:00,189.4198690797666,189.4198690797666
2024-08-20,2024-08-20T09:15:00,189.4198690797666,189.4198690797666
2024-08-21,2024-08-21T09:15:00,189.4198690797666,189.4198690797666
2024-08-22,2024-08-22T09:15:00,189.4198690797666,189.4198690797666
2024-08-23,2024-08-23T09:15:00,189.4198690797666,189.4198690797666
2024-08-26,2024-08-26T09:15:00,189.4198690797666,189.4198690797666
2024-08-27,2024-08-27T09:15:00,189.4198690797666,189.4198690797666
2024-08-28,2024-08-28T09:15:00,189.4198690797666,189.4198690797666
2024-08-29,2024-08-29T09:15:00,189.4198690797666,189.4198690797666
2024-08-30,2024-08-30T09:15:00,189.4198690797666,189.4198690797666
2024-09-02,2024-09-02T09:15:00,189.4198690797666,189.4198690797666
2024-09-03,2024-09-03T09:15:00,189.4198690797666,189.4198690797666
2024-09-04,2024-09-04T09:15:00,189.4198690797666,189.4198690797666
2024-09-05,2024-09-05T09:15:00,189.4198690797666,189.4198690797666
2024-09-06,2024-09-06T09:15:00,189.4198690797666,189.4198690797666
2024-09-09,2024-09-09T09:15:00,189.4198690797666,189.4198690797666
2024-09-10,2024-09-10T09:15:00,189.4198690797666,189.4198690797666
2024-09-11,2024-09-11T09:15:00,189.4198690797666,189.4198690797666
2024-09-12,2024-09-12T09:15:00,189.4198690797666,189.4198690797666
2024-09-13,2024-09-13T09:15:00,189.4198690797666,189.4198690797666
2024-09-16,2024-09-16T09:15:00,189.4198690797666,189.4198690797666
2024-09-17,2024-09-17T09:15:00,189.4198690797666,189.4198690797666
2024-09-18,2024-09-18T09:15:00,189.4198690797666,189.4198690797666
2024-09-19,2024-09-19T09:15:00,189.4198690797666,189.4198690797666
2024-09-20,2024-09-20T09:15:00,189.4198690797666,189.4198690797666
2024-09-23,2024-09-23T09:15:00,189.4198690797666,189.4198690797666
2024-09-24,2024-09-24T09:15:00,189.4198690797666,189.4198690797666
2024-09-25,2024-09-25T09:15:00,189.4198690797666,189.4198690797666
2024-09-26,2024-09-26T09:15:00,189.4198690797666,189.4198690797666
2024-09-27,2024-09-27T09:15:00,189.4198690797666,189.4198690797666
2024-09-30,2024-09-30T09:15:00,189.4198690797666,189.4198690797666
2024-10-01,2024-10-01T09:15:00,189.4198690797666,189.4198690797666
2024-10-03,2024-10-03T09:15:00,189.4198690797666,189.4198690797666
2024-10-04,2024-10-04T09:15:00,169.82045059896666,169.82045059896666
2024-10-07,2024-10-07T09:15:00,169.82045059896666,169.82045059896666
2024-10-08,2024-10-08T09:15:00,169.82045059896666,169.82045059896666
2024-10-09,2024-10-09T09:15:00,169.82045059896666,169.82045059896666
2024-10-10,2024-10-10T09:15:00,169.82045059896666,169.82045059896666
2024-10-11,2024-10-11T09:15:00,169.82045059896666,169.82045059896666
2024-10-14,2024-10-14T09:15:00,169.82045059896666,169.82045059896666
2024-10-15,2024-10-15T09:15:00,169.82045059896666,169.82045059896666
2024-10-16,2024-10-16T09:15:00,169.82045059896666,169.82045059896666
2024-10-17,2024-10-17T09:15:00,169.82045059896666,169.82045059896666
2024-10-18,2024-10-18T09:15:00,169.82045059896666,169.82045059896666
2024-10-21,2024-10-21T09:15:00,169.82045059896666,169.82045059896666
2024-10-22,2024-10-22T09:15:00,169.82045059896666,169.82045059896666
2024-10-23,2024-10-23T09:15:00,169.82045059896666,169.82045059896666
2024-10-24,2024-10-24T09:15:00,169.82045059896666,169.82045059896666
2024-10-25,2024-10-25T09:15:00,169.82045059896666,169.82045059896666
2024-10-28,2024-10-28T09:15:00,169.82045059896666,169.82045059896666
2024-10-29,2024-10-29T09:15:00,169.82045059896666,169.82045059896666
2024-10-30,2024-10-30T09:15:00,162.4205246997667,162.4205246997667
2024-10-31,2024-10-31T09:15:00,162.4205246997667,162.4205246997667
2024-11-01,2024-11-01T18:00:00,162.4205246997667,162.4205246997667
2024-11-04,2024-11-04T09:15:00,162.4205246997667,162.4205246997667
2024-11-05,2024-11-05T09:15:00,162.4205246997667,162.4205246997667
2024-11-06,2024-11-06T09:15:00,162.4205246997667,162.4205246997667
2024-11-07,2024-11-07T09:15:00,162.4205246997667,162.4205246997667
2024-11-08,2024-11-08T09:15:00,162.4205246997667,162.4205246997667
2024-11-11,2024-11-11T09:15:00,162.68065264136692,162.68065264136692
2024-11-12,2024-11-12T09:15:00,159.41807792056693,159.41807792056693
2024-11-13,2024-11-13T09:15:00,151.86775938936682,151.86775938936682
2024-11-14,2024-11-14T09:15:00,151.86775938936682,151.86775938936682
2024-11-18,2024-11-18T09:15:00,151.86775938936682,151.86775938936682
2024-11-19,2024-11-19T09:15:00,151.86775938936682,151.86775938936682
2024-11-21,2024-11-21T09:15:00,151.86775938936682,151.86775938936682
2024-11-22,2024-11-22T09:15:00,151.86775938936682,151.86775938936682
2024-11-25,2024-11-25T09:15:00,151.86775938936682,151.86775938936682
2024-11-26,2024-11-26T09:15:00,151.86775938936682,151.86775938936682
2024-11-27,2024-11-27T09:15:00,151.86775938936682,151.86775938936682
2024-11-28,2024-11-28T09:15:00,151.86775938936682,151.86775938936682
2024-11-29,2024-11-29T09:15:00,151.86775938936682,151.86775938936682
2024-12-02,2024-12-02T09:15:00,151.86775938936682,151.86775938936682
2024-12-03,2024-12-03T09:15:00,151.86775938936682,151.86775938936682
2024-12-04,2024-12-04T09:15:00,151.86775938936682,151.86775938936682
2024-12-05,2024-12-05T09:15:00,151.86775938936682,151.86775938936682
2024-12-06,2024-12-06T09:15:00,151.86775938936682,151.86775938936682
2024-12-09,2024-12-09T09:15:00,151.86775938936682,151.86775938936682
2024-12-10,2024-12-10T09:15:00,151.86775938936682,151.86775938936682
2024-12-11,2024-12-11T09:15:00,151.86775938936682,151.86775938936682
2024-12-12,2024-12-12T09:15:00,151.86775938936682,151.86775938936682
2024-12-13,2024-12-13T09:15:00,151.86775938936682,151.86775938936682
2024-12-16,2024-12-16T09:15:00,151.86775938936682,151.86775938936682
2024-12-17,2024-12-17T09:15:00,151.86775938936682,151.86775938936682
2024-12-18,2024-12-18T09:15:00,151.86775938936682,151.86775938936682
2024-12-19,2024-12-19T09:15:00,150.61018054336682,150.61018054336682
2024-12-20,2024-12-20T09:15:00,145.71906650096696,145.71906650096696
2024-12-23,2024-12-23T09:15:00,142.74625661856703,142.74625661856703
2024-12-24,2024-12-24T09:15:00,142.74625661856703,142.74625661856703
2024-12-26,2024-12-26T09:15:00,142.74625661856703,142.74625661856703
2024-12-27,2024-12-27T09:15:00,142.74625661856703,142.74625661856703
2024-12-30,2024-12-30T09:15:00,142.74625661856703,142.74625661856703
2024-12-31,2024-12-31T09:15:00,142.74625661856703,142.74625661856703
2025-01-01,2025-01-01T09:15:00,142.74625661856703,142.74625661856703
2025-01-02,2025-01-02T09:15:00,142.74625661856703,142.74625661856703
2025-01-03,2025-01-03T09:15:00,142.74625661856703,142.74625661856703
2025-01-06,2025-01-06T09:15:00,142.74625661856703,142.74625661856703
2025-01-07,2025-01-07T09:15:00,142.74625661856703,142.74625661856703
2025-01-08,2025-01-08T09:15:00,142.74625661856703,142.74625661856703
2025-01-09,2025-01-09T09:15:00,142.74625661856703,142.74625661856703
2025-01-10,2025-01-10T09:15:00,142.74625661856703,142.74625661856703
2025-01-13,2025-01-13T09:15:00,142.74625661856703,142.74625661856703
2025-01-14,2025-01-14T09:15:00,142.74625661856703,142.74625661856703
2025-01-15,2025-01-15T09:15:00,142.74625661856703,142.74625661856703
2025-01-16,2025-01-16T09:15:00,142.74625661856703,142.74625661856703
2025-01-17,2025-01-17T09:15:00,142.74625661856703,142.74625661856703
2025-01-20,2025-01-20T09:15:00,142.74625661856703,142.74625661856703
2025-01-21,2025-01-21T09:15:00,142.74625661856703,142.74625661856703
2025-01-22,2025-01-22T09:15:00,142.74625661856703,142.74625661856703
2025-01-23,2025-01-23T09:15:00,142.74625661856703,142.74625661856703
2025-01-24,2025-01-24T09:15:00,142.74625661856703,142.74625661856703
2025-01-27,2025-01-27T09:15:00,142.74625661856703,142.74625661856703
2025-01-28,2025-01-28T09:15:00,143.2466592333668,143.2466592333668
2025-01-29,2025-01-29T09:15:00,138.59479705936656,138.59479705936656
2025-01-30,2025-01-30T09:15:00,138.59479705936656,138.59479705936656
2025-01-31,2025-01-31T09:15:00,138.59479705936656,138.59479705936656
2025-02-01,2025-02-01T09:15:00,138.59479705936656,138.59479705936656
2025-02-03,2025-02-03T09:15:00,138.59479705936656,138.59479705936656
2025-02-04,2025-02-04T09:15:00,138.1399484581665,138.1399484581665
2025-02-05,2025-02-05T09:15:00,138.1399484581665,138.1399484581665
2025-02-06,2025-02-06T09:15:00,138.1399484581665,138.1399484581665
2025-02-07,2025-02-07T09:15:00,138.1399484581665,138.1399484581665
2025-02-10,2025-02-10T09:15:00,138.1399484581665,138.1399484581665
2025-02-11,2025-02-11T09:15:00,138.1399484581665,138.1399484581665
2025-02-12,2025-02-12T09:15:00,134.3095184325665,134.3095184325665
2025-02-13,2025-02-13T09:15:00,131.9936923821665,131.9936923821665
2025-02-14,2025-02-14T09:15:00,131.9936923821665,131.9936923821665
2025-02-17,2025-02-17T09:15:00,131.9936923821665,131.9936923821665
2025-02-18,2025-02-18T09:15:00,131.9936923821665,131.9936923821665
2025-02-19,2025-02-19T09:15:00,131.9936923821665,131.9936923821665
2025-02-20,2025-02-20T09:15:00,131.9936923821665,131.9936923821665
2025-02-21,2025-02-21T09:15:00,131.9936923821665,131.9936923821665
2025-02-24,2025-02-24T09:15:00,131.9936923821665,131.9936923821665
2025-02-25,2025-02-25T09:15:00,131.9936923821665,131.9936923821665
2025-02-27,2025-02-27T09:15:00,131.9936923821665,131.9936923821665
2025-02-28,2025-02-28T09:15:00,128.3948043757665,128.3948043757665
2025-03-03,2025-03-03T09:15:00,120.72030697176649,120.72030697176649
2025-03-04,2025-03-04T09:15:00,120.72030697176649,120.72030697176649
2025-03-05,2025-03-05T09:15:00,120.72030697176649,120.72030697176649
2025-03-06,2025-03-06T09:15:00,120.72030697176649,120.72030697176649
2025-03-07,2025-03-07T09:15:00,120.72030697176649,120.72030697176649
2025-03-10,2025-03-10T09:15:00,120.72030697176649,120.72030697176649
2025-03-11,2025-03-11T09:15:00,120.72030697176649,120.72030697176649
2025-03-12,2025-03-12T09:15:00,120.72030697176649,120.72030697176649
2025-03-13,2025-03-13T09:15:00,120.72030697176649,120.72030697176649
2025-03-17,2025-03-17T09:15:00,120.72030697176649,120.72030697176649
2025-03-18,2025-03-18T09:15:00,120.72030697176649,120.72030697176649
2025-03-19,2025-03-19T09:15:00,120.72030697176649,120.72030697176649
2025-03-20,2025-03-20T09:15:00,120.72030697176649,120.72030697176649
2025-03-21,2025-03-21T09:15:00,120.72030697176649,120.72030697176649
2025-03-24,2025-03-24T09:15:00,120.72030697176649,120.72030697176649
2025-03-25,2025-03-25T09:15:00,120.72030697176649,120.72030697176649
2025-03-26,2025-03-26T09:15:00,120.72030697176649,120.72030697176649
2025-03-27,2025-03-27T09:15:00,120.72030697176649,120.72030697176649
2025-03-28,2025-03-28T09:15:00,120.72030697176649,120.72030697176649
2025-04-01,2025-04-01T09:15:00,120.72030697176649,120.72030697176649
2025-04-02,2025-04-02T09:15:00,120.72030697176649,120.72030697176649
2025-04-03,2025-04-03T09:15:00,120.72030697176649,120.72030697176649
2025-04-04,2025-04-04T09:15:00,120.72030697176649,120.72030697176649
2025-04-07,2025-04-07T09:15:00,120.72030697176649,120.72030697176649
2025-04-08,2025-04-08T09:15:00,123.71646673976647,123.71646673976647
2025-04-09,2025-04-09T09:15:00,131.27253712536617,131.27253712536617
2025-04-11,2025-04-11T09:15:00,126.86100730696626,126.86100730696626
2025-04-15,2025-04-15T09:15:00,119.39620968576628,119.39620968576628
2025-04-16,2025-04-16T09:15:00,119.39620968576628,119.39620968576628
2025-04-17,2025-04-17T09:15:00,119.39620968576628,119.39620968576628
2025-04-21,2025-04-21T09:15:00,119.39620968576628,119.39620968576628
2025-04-22,2025-04-22T09:15:00,119.39620968576628,119.39620968576628
2025-04-23,2025-04-23T09:15:00,119.39620968576628,119.39620968576628
2025-04-24,2025-04-24T09:15:00,119.39620968576628,119.39620968576628
2025-04-25,2025-04-25T09:15:00,119.39620968576628,119.39620968576628
2025-04-28,2025-04-28T09:15:00,119.39620968576628,119.39620968576628
2025-04-29,2025-04-29T09:15:00,119.39620968576628,119.39620968576628
2025-04-30,2025-04-30T09:15:00,119.39620968576628,119.39620968576628
2025-05-02,2025-05-02T09:15:00,119.39620968576628,119.39620968576628
2025-05-05,2025-05-05T09:15:00,119.39620968576628,119.39620968576628
2025-05-06,2025-05-06T09:15:00,119.39620968576628,119.39620968576628
2025-05-07,2025-05-07T09:15:00,119.39620968576628,119.39620968576628
2025-05-08,2025-05-08T09:15:00,119.39620968576628,119.39620968576628
2025-05-09,2025-05-09T09:15:00,119.39620968576628,119.39620968576628
2025-05-12,2025-05-12T09:15:00,119.39620968576628,119.39620968576628
2025-05-13,2025-05-13T09:15:00,119.39620968576628,119.39620968576628
2025-05-14,2025-05-14T09:15:00,119.39620968576628,119.39620968576628
2025-05-15,2025-05-15T09:15:00,119.39620968576628,119.39620968576628
2025-05-16,2025-05-16T09:15:00,119.39620968576628,119.39620968576628
2025-05-19,2025-05-19T09:15:00,119.39620968576628,119.39620968576628
2025-05-20,2025-05-20T09:15:00,119.39620968576628,119.39620968576628
2025-05-21,2025-05-21T09:15:00,119.39620968576628,119.39620968576628
2025-05-22,2025-05-22T09:15:00,119.39620968576628,119.39620968576628
2025-05-23,2025-05-23T09:15:00,119.39620968576628,119.39620968576628
2025-05-26,2025-05-26T09:15:00,119.39620968576628,119.39620968576628
2025-05-27,2025-05-27T09:15:00,119.39620968576628,119.39620968576628
2025-05-28,2025-05-28T09:15:00,119.39620968576628,119.39620968576628
2025-05-29,2025-05-29T09:15:00,119.39620968576628,119.39620968576628
2025-05-30,2025-05-30T09:15:00,119.39620968576628,119.39620968576628
2025-06-02,2025-06-02T09:15:00,119.39620968576628,119.39620968576628
2025-06-03,2025-06-03T09:15:00,119.39620968576628,119.39620968576628
2025-06-04,2025-06-04T09:15:00,119.39620968576628,119.39620968576628
2025-06-05,2025-06-05T09:15:00,119.39620968576628,119.39620968576628
2025-06-06,2025-06-06T09:15:00,119.39620968576628,119.39620968576628
2025-06-09,2025-06-09T09:15:00,119.39620968576628,119.39620968576628
2025-06-10,2025-06-10T09:15:00,119.39620968576628,119.39620968576628
2025-06-11,2025-06-11T09:15:00,119.39620968576628,119.39620968576628
2025-06-12,2025-06-12T09:15:00,119.39620968576628,119.39620968576628
2025-06-13,2025-06-13T09:15:00,119.39620968576628,119.39620968576628
2025-06-16,2025-06-16T09:15:00,119.39620968576628,119.39620968576628
2025-06-17,2025-06-17T09:15:00,119.39620968576628,119.39620968576628
2025-06-18,2025-06-18T09:15:00,119.39620968576628,119.39620968576628
2025-06-19,2025-06-19T09:15:00,119.39620968576628,119.39620968576628
2025-06-20,2025-06-20T09:15:00,119.39620968576628,119.39620968576628
2025-06-23,2025-06-23T09:15:00,119.39620968576628,119.39620968576628
2025-06-24,2025-06-24T09:15:00,119.39620968576628,119.39620968576628
2025-06-25,2025-06-25T09:15:00,119.39620968576628,119.39620968576628
2025-06-26,2025-06-26T09:15:00,119.39620968576628,119.39620968576628
2025-06-27,2025-06-27T09:15:00,119.39620968576628,119.39620968576628
2025-06-30,2025-06-30T09:15:00,119.39620968576628,119.39620968576628
2025-07-01,2025-07-01T09:15:00,119.39620968576628,119.39620968576628
2025-07-02,2025-07-02T09:15:00,119.39620968576628,119.39620968576628
2025-07-03,2025-07-03T09:15:00,119.39620968576628,119.39620968576628
2025-07-04,2025-07-04T09:15:00,119.39620968576628,119.39620968576628
2025-07-07,2025-07-07T09:15:00,119.39620968576628,119.39620968576628
2025-07-08,2025-07-08T09:15:00,119.39620968576628,119.39620968576628
2025-07-09,2025-07-09T09:15:00,119.39620968576628,119.39620968576628
2025-07-10,2025-07-10T09:15:00,119.39620968576628,119.39620968576628
2025-07-11,2025-07-11T09:15:00,119.39620968576628,119.39620968576628
2025-07-14,2025-07-14T09:15:00,119.39620968576628,119.39620968576628
2025-07-15,2025-07-15T09:15:00,119.39620968576628,119.39620968576628
2025-07-16,2025-07-16T09:15:00,119.39620968576628,119.39620968576628
2025-07-17,2025-07-17T09:15:00,119.39620968576628,119.39620968576628
2025-07-18,2025-07-18T09:15:00,119.39620968576628,119.39620968576628
2025-07-21,2025-07-21T09:15:00,119.39620968576628,119.39620968576628
2025-07-22,2025-07-22T09:15:00,119.39620968576628,119.39620968576628
2025-07-23,2025-07-23T09:15:00,119.39620968576628,119.39620968576628
2025-07-24,2025-07-24T09:15:00,119.39620968576628,119.39620968576628
2025-07-25,2025-07-25T09:15:00,119.39620968576628,119.39620968576628
2025-07-28,2025-07-28T09:15:00,119.39620968576628,119.39620968576628
2025-07-29,2025-07-29T09:15:00,119.39620968576628,119.39620968576628
2025-07-30,2025-07-30T09:15:00,119.39620968576628,119.39620968576628
2025-07-31,2025-07-31T09:15:00,119.39620968576628,119.39620968576628
2025-08-01,2025-08-01T09:15:00,119.39620968576628,119.39620968576628
2025-08-04,2025-08-04T09:15:00,119.39620968576628,119.39620968576628
2025-08-05,2025-08-05T09:15:00,119.39620968576628,119.39620968576628
2025-08-06,2025-08-06T09:15:00,119.39620968576628,119.39620968576628
2025-08-07,2025-08-07T09:15:00,119.39620968576628,119.39620968576628
2025-08-08,2025-08-08T09:15:00,119.39620968576628,119.39620968576628
2025-08-11,2025-08-11T09:15:00,119.39620968576628,119.39620968576628
2025-08-12,2025-08-12T09:15:00,119.39620968576628,119.39620968576628
2025-08-13,2025-08-13T09:15:00,119.39620968576628,119.39620968576628
2025-08-14,2025-08-14T09:15:00,119.39620968576628,119.39620968576628
2025-08-18,2025-08-18T09:15:00,119.39620968576628,119.39620968576628
2025-08-19,2025-08-19T09:15:00,119.39620968576628,119.39620968576628
2025-08-20,2025-08-20T09:15:00,119.39620968576628,119.39620968576628
2025-08-21,2025-08-21T09:15:00,119.39620968576628,119.39620968576628
2025-08-22,2025-08-22T09:15:00,119.39620968576628,119.39620968576628
2025-08-25,2025-08-25T09:15:00,119.39620968576628,119.39620968576628
2025-08-26,2025-08-26T09:15:00,119.39620968576628,119.39620968576628
2025-08-28,2025-08-28T09:15:00,119.39620968576628,119.39620968576628
2025-08-29,2025-08-29T09:15:00,119.39620968576628,119.39620968576628
2025-09-01,2025-09-01T09:15:00,119.39620968576628,119.39620968576628
2025-09-02,2025-09-02T09:15:00,119.39620968576628,119.39620968576628
2025-09-03,2025-09-03T09:15:00,119.39620968576628,119.39620968576628
2025-09-04,2025-09-04T09:15:00,119.39620968576628,119.39620968576628
2025-09-05,2025-09-05T09:15:00,119.39620968576628,119.39620968576628
2025-09-08,2025-09-08T09:15:00,119.39620968576628,119.39620968576628
2025-09-09,2025-09-09T09:15:00,119.39620968576628,119.39620968576628
2025-09-10,2025-09-10T09:15:00,119.39620968576628,119.39620968576628
2025-09-11,2025-09-11T09:15:00,119.39620968576628,119.39620968576628
2025-09-12,2025-09-12T09:15:00,119.39620968576628,119.39620968576628
2025-09-15,2025-09-15T09:15:00,119.39620968576628,119.39620968576628
2025-09-16,2025-09-16T09:15:00,119.39620968576628,119.39620968576628
2025-09-17,2025-09-17T09:15:00,119.39620968576628,119.39620968576628
2025-09-18,2025-09-18T09:15:00,119.39620968576628,119.39620968576628
2025-09-19,2025-09-19T09:15:00,119.39620968576628,119.39620968576628
2025-09-22,2025-09-22T09:15:00,119.39620968576628,119.39620968576628
2025-09-23,2025-09-23T09:15:00,119.39620968576628,119.39620968576628
2025-09-24,2025-09-24T09:15:00,119.39620968576628,119.39620968576628
2025-09-25,2025-09-25T09:15:00,119.39620968576628,119.39620968576628
2025-09-26,2025-09-26T09:15:00,119.39620968576628,119.39620968576628
2025-09-29,2025-09-29T09:15:00,119.39620968576628,119.39620968576628
2025-09-30,2025-09-30T09:15:00,119.39620968576628,119.39620968576628
2025-10-01,2025-10-01T09:15:00,119.39620968576628,119.39620968576628
2025-10-03,2025-10-03T09:15:00,119.39620968576628,119.39620968576628
2025-10-06,2025-10-06T09:15:00,119.39620968576628,119.39620968576628
2025-10-07,2025-10-07T09:15:00,119.39620968576628,119.39620968576628
2025-10-08,2025-10-08T09:15:00,119.39620968576628,119.39620968576628
2025-10-09,2025-10-09T09:15:00,119.39620968576628,119.39620968576628
2025-10-10,2025-10-10T09:15:00,119.39620968576628,119.39620968576628
2025-10-13,2025-10-13T09:15:00,119.39620968576628,119.39620968576628
2025-10-14,2025-10-14T09:40:00,119.39620968576628,119.39620968576628
2025-10-15,2025-10-15T09:15:00,121.57687457936618,121.57687457936618
2025-10-16,2025-10-16T09:15:00,117.22003988896614,117.22003988896614
2025-10-17,2025-10-17T09:15:00,116.82466379696598,116.82466379696598
2025-10-20,2025-10-20T09:15:00,113.20412395976598,113.20412395976598
2025-10-21,2025-10-21T13:45:00,114.09842120616605,114.09842120616605
2025-10-23,2025-10-23T09:15:00,118.27853720096607,-287.52146279903394
2025-10-24,2025-10-24T09:15:00,117.63261978776615,117.63261978776615
2025-10-27,2025-10-27T09:15:00,114.50890914456608,114.50890914456608
2025-10-28,2025-10-28T09:15:00,113.86114385176609,113.86114385176609
2025-10-29,2025-10-29T09:15:00,110.65664779456608,110.65664779456608
2025-10-30,2025-10-30T09:15:00,110.49635118336607,110.49635118336607
2025-10-31,2025-10-31T09:15:00,110.64545878736601,110.64545878736601
2025-11-03,2025-11-03T09:15:00,104.82517020016599,104.82517020016599
2025-11-04,2025-11-04T09:15:00,104.706333999366,104.706333999366
2025-11-06,2025-11-06T09:15:00,96.7127095565661,96.7127095565661
2025-11-07,2025-11-07T09:15:00,94.53873773416609,94.53873773416609
2025-11-10,2025-11-10T09:15:00,93.33206960816608,93.33206960816608
2025-11-11,2025-11-11T09:15:00,92.94334408096614,92.94334408096614
2025-11-12,2025-11-12T09:15:00,88.07961242016609,88.07961242016609
2025-11-13,2025-11-13T09:15:00,83.97528936296618,83.97528936296618
2025-11-14,2025-11-14T09:15:00,82.62130034336627,82.62130034336627
2025-11-17,2025-11-17T09:15:00,81.15659353336628,81.15659353336628
2025-11-18,2025-11-18T09:15:00,80.36196870536622,80.36196870536622
2025-11-19,2025-11-19T09:15:00,79.33194178816626,79.33194178816626
2025-11-20,2025-11-20T09:15:00,71.96982024976626,71.96982024976626
2025-11-21,2025-11-21T09:15:00,71.96982024976626,71.96982024976626
2025-11-24,2025-11-24T09:15:00,73.5276408929663,73.5276408929663
2025-11-25,2025-11-25T09:15:00,71.98045009376636,71.98045009376636
2025-11-26,2025-11-26T09:15:00,68.4650639961664,68.4650639961664
2025-11-27,2025-11-27T09:15:00,68.4650639961664,68.4650639961664
2025-11-28,2025-11-28T09:15:00,68.4650639961664,68.4650639961664
2025-12-01,2025-12-01T09:15:00,68.4650639961664,68.4650639961664
2025-12-02,2025-12-02T09:15:00,68.4650639961664,68.4650639961664
2025-12-03,2025-12-03T09:15:00,68.4650639961664,68.4650639961664
2025-12-04,2025-12-04T09:15:00,68.4650639961664,68.4650639961664
2025-12-05,2025-12-05T09:15:00,68.4650639961664,68.4650639961664
2025-12-08,2025-12-08T09:15:00,68.4650639961664,68.4650639961664
2025-12-09,2025-12-09T09:15:00,68.4650639961664,68.4650639961664
2025-12-10,2025-12-10T09:15:00,69.82296213936638,69.82296213936638
2025-12-11,2025-12-11T09:15:00,67.45598382816638,67.45598382816638
2025-12-12,2025-12-12T09:15:00,67.45598382816638,67.45598382816638
2025-12-15,2025-12-15T09:15:00,67.45598382816638,67.45598382816638
2025-12-16,2025-12-16T09:15:00,67.45598382816638,67.45598382816638
2025-12-17,2025-12-17T09:15:00,67.45598382816638,67.45598382816638
2025-12-18,2025-12-18T09:15:00,67.45598382816638,67.45598382816638
2025-12-19,2025-12-19T09:15:00,67.45598382816638,67.45598382816638
2025-12-22,2025-12-22T09:15:00,67.45598382816638,67.45598382816638
2025-12-23,2025-12-23T09:15:00,67.45598382816638,67.45598382816638
2025-12-24,2025-12-24T09:15:00,67.45598382816638,67.45598382816638
2025-12-26,2025-12-26T09:15:00,67.45598382816638,67.45598382816638
2025-12-29,2025-12-29T09:15:00,67.45598382816638,67.45598382816638
2025-12-30,2025-12-30T09:15:00,67.45598382816638,67.45598382816638
2025-12-31,2025-12-31T09:15:00,67.45598382816638,67.45598382816638
2026-01-01,2026-01-01T09:15:00,67.45598382816638,67.45598382816638
2026-01-02,2026-01-02T09:15:00,67.45598382816638,67.45598382816638
2026-01-05,2026-01-05T09:15:00,67.45598382816638,67.45598382816638
2026-01-06,2026-01-06T09:15:00,67.45598382816638,67.45598382816638
2026-01-07,2026-01-07T09:15:00,67.45598382816638,67.45598382816638
2026-01-08,2026-01-08T09:15:00,67.45598382816638,67.45598382816638
2026-01-09,2026-01-09T09:15:00,67.45598382816638,67.45598382816638
2026-01-12,2026-01-12T09:15:00,67.45598382816638,67.45598382816638
2026-01-13,2026-01-13T09:15:00,67.45598382816638,67.45598382816638
2026-01-14,2026-01-14T09:15:00,67.45598382816638,67.45598382816638
2026-01-16,2026-01-16T09:15:00,67.45598382816638,67.45598382816638
2026-01-19,2026-01-19T09:15:00,67.45598382816638,67.45598382816638
2026-01-20,2026-01-20T09:15:00,67.45598382816638,67.45598382816638
2026-01-21,2026-01-21T09:15:00,68.83500551136643,68.83500551136643
2026-01-22,2026-01-22T09:15:00,69.58196554656655,69.58196554656655
2026-01-23,2026-01-23T09:15:00,68.41229599056658,68.41229599056658
2026-01-27,2026-01-27T09:15:00,68.41229599056658,68.41229599056658
2026-01-28,2026-01-28T09:15:00,69.96215381136653,69.96215381136653
2026-01-29,2026-01-29T09:15:00,68.7890317057666,68.7890317057666
2026-01-30,2026-01-30T09:15:00,65.77908284136657,65.77908284136657
2026-02-01,2026-02-01T09:15:00,65.77908284136657,65.77908284136657
2026-02-02,2026-02-02T09:15:00,65.77908284136657,65.77908284136657
2026-02-03,2026-02-03T09:15:00,65.77908284136657,65.77908284136657
2026-02-04,2026-02-04T09:15:00,65.77908284136657,65.77908284136657
2026-02-05,2026-02-05T09:15:00,65.77908284136657,65.77908284136657
2026-02-06,2026-02-06T09:15:00,65.77908284136657,65.77908284136657
2026-02-09,2026-02-09T09:15:00,65.77908284136657,65.77908284136657
2026-02-10,2026-02-10T09:15:00,65.77908284136657,65.77908284136657
2026-02-11,2026-02-11T09:15:00,65.77908284136657,65.77908284136657
2026-02-12,2026-02-12T09:15:00,65.77908284136657,65.77908284136657
2026-02-13,2026-02-13T09:15:00,65.77908284136657,65.77908284136657
2026-02-16,2026-02-16T09:15:00,65.77908284136657,65.77908284136657
2026-02-17,2026-02-17T09:15:00,65.77908284136657,65.77908284136657
2026-02-18,2026-02-18T09:15:00,65.77908284136657,65.77908284136657
2026-02-19,2026-02-19T09:15:00,65.77908284136657,65.77908284136657
2026-02-20,2026-02-20T09:15:00,65.77908284136657,65.77908284136657
2026-02-23,2026-02-23T09:15:00,65.77908284136657,65.77908284136657
2026-02-24,2026-02-24T09:15:00,65.77908284136657,65.77908284136657
2026-02-25,2026-02-25T09:15:00,65.77908284136657,65.77908284136657
2026-02-26,2026-02-26T09:15:00,65.77908284136657,65.77908284136657
2026-02-27,2026-02-27T09:15:00,65.77908284136657,65.77908284136657
2026-03-02,2026-03-02T09:15:00,65.77908284136657,65.77908284136657
2026-03-04,2026-03-04T09:15:00,65.77908284136657,65.77908284136657
2026-03-05,2026-03-05T09:15:00,65.77908284136657,65.77908284136657
2026-03-06,2026-03-06T09:15:00,65.77908284136657,65.77908284136657
2026-03-09,2026-03-09T09:15:00,65.77908284136657,65.77908284136657
2026-03-10,2026-03-10T09:15:00,66.57496556856665,66.57496556856665
2026-03-11,2026-03-11T09:15:00,66.57496556856665,66.57496556856665
2026-03-12,2026-03-12T09:15:00,66.57496556856665,66.57496556856665
2026-03-13,2026-03-13T09:15:00,67.37940197656661,67.37940197656661
2026-03-16,2026-03-16T09:15:00,59.69167037536664,59.69167037536664
2026-03-17,2026-03-17T09:15:00,59.69167037536664,59.69167037536664
2026-03-18,2026-03-18T09:15:00,59.69167037536664,59.69167037536664
2026-03-19,2026-03-19T09:15:00,59.69167037536664,59.69167037536664
2026-03-20,2026-03-20T09:15:00,59.69167037536664,59.69167037536664
2026-03-23,2026-03-23T09:15:00,59.69167037536664,59.69167037536664
2026-03-24,2026-03-24T09:15:00,59.69167037536664,59.69167037536664
2026-03-25,2026-03-25T09:15:00,59.69167037536664,59.69167037536664
2026-03-27,2026-03-27T09:15:00,59.69167037536664,59.69167037536664
2026-03-30,2026-03-30T09:15:00,59.69167037536664,59.69167037536664
2026-04-01,2026-04-01T09:15:00,59.09235228096662,59.09235228096662
2026-04-02,2026-04-02T09:15:00,59.09235228096662,59.09235228096662
2026-04-06,2026-04-06T09:15:00,58.77687204176664,58.77687204176664
2026-04-07,2026-04-07T09:15:00,58.77687204176664,58.77687204176664
2026-04-08,2026-04-08T09:15:00,58.77687204176664,58.77687204176664
2026-04-09,2026-04-09T09:15:00,58.77687204176664,58.77687204176664
2026-04-10,2026-04-10T09:15:00,58.77687204176664,58.77687204176664
2026-04-13,2026-04-13T09:15:00,58.77687204176664,58.77687204176664
2026-04-15,2026-04-15T09:15:00,58.77687204176664,58.77687204176664
2026-04-16,2026-04-16T09:15:00,58.77687204176664,58.77687204176664
2026-04-17,2026-04-17T09:15:00,58.77687204176664,58.77687204176664
2026-04-20,2026-04-20T09:15:00,58.77687204176664,58.77687204176664
2026-04-21,2026-04-21T09:15:00,58.77687204176664,58.77687204176664
2026-04-22,2026-04-22T09:15:00,58.77687204176664,58.77687204176664
2026-04-23,2026-04-23T09:15:00,58.77687204176664,58.77687204176664
2026-04-24,2026-04-24T09:15:00,58.77687204176664,58.77687204176664
2026-04-27,2026-04-27T09:15:00,58.77687204176664,58.77687204176664
2026-04-28,2026-04-28T09:15:00,58.77687204176664,58.77687204176664
2026-04-29,2026-04-29T09:15:00,58.77687204176664,58.77687204176664
2026-04-30,2026-04-30T09:15:00,58.77687204176664,58.77687204176664
2026-05-04,2026-05-04T09:15:00,58.77687204176664,58.77687204176664
2026-05-05,2026-05-05T09:15:00,58.77687204176664,58.77687204176664
2026-05-06,2026-05-06T09:15:00,58.77687204176664,58.77687204176664
2026-05-07,2026-05-07T09:15:00,58.77687204176664,58.77687204176664
2026-05-08,2026-05-08T09:15:00,58.77687204176664,58.77687204176664
2026-05-11,2026-05-11T09:15:00,58.77687204176664,58.77687204176664
2026-05-12,2026-05-12T09:15:00,58.77687204176664,58.77687204176664
2026-05-13,2026-05-13T09:15:00,58.77687204176664,58.77687204176664
2026-05-14,2026-05-14T09:15:00,58.77687204176664,58.77687204176664
2026-05-15,2026-05-15T09:15:00,58.77687204176664,58.77687204176664
2026-05-18,2026-05-18T09:15:00,58.77687204176664,58.77687204176664
2026-05-19,2026-05-19T09:15:00,58.77687204176664,58.77687204176664
2026-05-20,2026-05-20T09:15:00,58.77687204176664,58.77687204176664
2026-05-21,2026-05-21T09:15:00,58.77687204176664,58.77687204176664
2026-05-22,2026-05-22T09:15:00,58.77687204176664,58.77687204176664
2026-05-25,2026-05-25T09:15:00,58.77687204176664,58.77687204176664
2026-05-26,2026-05-26T09:15:00,58.77687204176664,58.77687204176664
2026-05-27,2026-05-27T09:15:00,58.77687204176664,58.77687204176664
2026-05-29,2026-05-29T09:15:00,58.77687204176664,58.77687204176664
2026-06-01,2026-06-01T09:15:00,58.77687204176664,58.77687204176664
2026-06-02,2026-06-02T09:15:00,58.77687204176664,58.77687204176664
2026-06-03,2026-06-03T09:15:00,58.77687204176664,58.77687204176664
2026-06-04,2026-06-04T09:15:00,58.77687204176664,58.77687204176664
2026-06-05,2026-06-05T09:15:00,58.77687204176664,58.77687204176664
2026-06-08,2026-06-08T09:15:00,58.77687204176664,58.77687204176664
2026-06-09,2026-06-09T09:15:00,58.77687204176664,58.77687204176664
2026-06-10,2026-06-10T09:15:00,58.77687204176664,58.77687204176664
2026-06-11,2026-06-11T09:15:00,58.77687204176664,58.77687204176664
2026-06-12,2026-06-12T09:15:00,58.77687204176664,58.77687204176664
2026-06-15,2026-06-15T09:15:00,58.77687204176664,58.77687204176664
2026-06-16,2026-06-16T09:15:00,58.77687204176664,58.77687204176664
2026-06-17,2026-06-17T09:15:00,58.77687204176664,58.77687204176664
2026-06-18,2026-06-18T09:15:00,58.77687204176664,58.77687204176664
2026-06-19,2026-06-19T09:15:00,58.77687204176664,58.77687204176664
2026-06-22,2026-06-22T09:15:00,58.77687204176664,58.77687204176664
2026-06-23,2026-06-23T09:15:00,58.77687204176664,58.77687204176664
2026-06-24,2026-06-24T09:15:00,58.77687204176664,58.77687204176664
2026-06-25,2026-06-25T09:15:00,58.77687204176664,58.77687204176664
2026-06-29,2026-06-29T09:15:00,58.77687204176664,58.77687204176664
2026-06-30,2026-06-30T09:15:00,58.77687204176664,58.77687204176664
2026-07-01,2026-07-01T09:15:00,58.77687204176664,58.77687204176664
2026-07-02,2026-07-02T09:15:00,58.77687204176664,58.77687204176664
2026-07-03,2026-07-03T09:15:00,58.77687204176664,58.77687204176664
